{
  "experiment_name": "danzero_production_20251016_112828",
  "start_time": "2025-10-16T11:29:24.342820",
  "config": {
    "num_workers": 100,
    "num_envs_per_worker": 1,
    "total_envs": 100,
    "num_gpus": 1.0,
    "num_gpus_per_worker": 0.0
  },
  "iterations": [
    {
      "iteration": 1,
      "timestamp": 1760585417.025593,
      "duration": 52.66662096977234,
      "episodes_this_iter": 2.0,
      "num_episodes": 2.0,
      "timesteps_total": 40000.0,
      "timesteps_this_iter": 40000.0,
      "episode_reward_mean": 0.0,
      "episode_len_mean": 378.0,
      "agent_0_reward": -0.5,
      "agent_1_reward": 0.5,
      "agent_2_reward": -0.5,
      "agent_3_reward": 0.5,
      "team_1_reward": -1.0,
      "team_2_reward": 1.0,
      "reward_sum": 0.0,
      "team_1_win_rate": 0.0,
      "team_2_win_rate": 0.5,
      "episode_len_min": 368,
      "episode_len_max": 388,
      "episode_duration_sec": 31.46710215881467,
      "avg_q_value": -0.011231737211346626,
      "avg_loss": 0.022740794345736504,
      "avg_grad_norm": 0.832331120967865,
      "team_performance_gap": 2.0,
      "agent_reward_std": 0.5,
      "samples_per_second": 759.4943298708633,
      "episodes_per_hour": 136.7089793767554
    },
    {
      "iteration": 2,
      "timestamp": 1760585447.1167254,
      "duration": 30.084651708602905,
      "episodes_this_iter": 31.0,
      "num_episodes": 33.0,
      "timesteps_total": 20000.0,
      "timesteps_this_iter": -20000.0,
      "episode_reward_mean": 0.0,
      "episode_len_mean": 510.0571428571429,
      "agent_0_reward": -1.2571428571428571,
      "agent_1_reward": 1.2571428571428571,
      "agent_2_reward": -1.2571428571428571,
      "agent_3_reward": 1.2571428571428571,
      "team_1_reward": -2.5142857142857142,
      "team_2_reward": 2.5142857142857142,
      "reward_sum": 0.0,
      "team_1_win_rate": 0.0,
      "team_2_win_rate": 0.06060606060606061,
      "episode_len_min": 368,
      "episode_len_max": 599,
      "episode_duration_sec": 44.745248473595296,
      "avg_q_value": -0.01054405739530921,
      "avg_loss": 0.10969520654063672,
      "avg_grad_norm": 1.2874956203997137,
      "team_performance_gap": 5.0285714285714285,
      "agent_reward_std": 1.2571428571428571,
      "samples_per_second": -664.7908107335963,
      "episodes_per_hour": 3709.5327238934674
    },
    {
      "iteration": 3,
      "timestamp": 1760585477.5211136,
      "duration": 30.399016857147217,
      "episodes_this_iter": -6.0,
      "num_episodes": 27.0,
      "timesteps_total": 20000.0,
      "timesteps_this_iter": 0.0,
      "episode_reward_mean": 0.0,
      "episode_len_mean": 588.8032786885246,
      "agent_0_reward": -1.098360655737705,
      "agent_1_reward": 1.098360655737705,
      "agent_2_reward": -1.098360655737705,
      "agent_3_reward": 1.098360655737705,
      "team_1_reward": -2.19672131147541,
      "team_2_reward": 2.19672131147541,
      "reward_sum": 0.0,
      "team_1_win_rate": 0.0,
      "team_2_win_rate": 0.1111111111111111,
      "episode_len_min": 353,
      "episode_len_max": 782,
      "episode_duration_sec": 51.620908467343355,
      "avg_q_value": -0.009849344590492545,
      "avg_loss": 0.11271327883326449,
      "avg_grad_norm": 1.3338006103798747,
      "team_performance_gap": 4.39344262295082,
      "agent_reward_std": 1.098360655737705,
      "samples_per_second": 0.0,
      "episodes_per_hour": -710.54929511385
    },
    {
      "iteration": 4,
      "timestamp": 1760585507.0576391,
      "duration": 29.198050260543823,
      "episodes_this_iter": -6.0,
      "num_episodes": 21.0,
      "timesteps_total": 20000.0,
      "timesteps_this_iter": 0.0,
      "episode_reward_mean": 0.0,
      "episode_len_mean": 657.5324675324675,
      "agent_0_reward": -0.8701298701298701,
      "agent_1_reward": 0.8701298701298701,
      "agent_2_reward": -0.8701298701298701,
      "agent_3_reward": 0.8701298701298701,
      "team_1_reward": -1.7402597402597402,
      "team_2_reward": 1.7402597402597402,
      "reward_sum": 0.0,
      "team_1_win_rate": 0.0,
      "team_2_win_rate": 0.19047619047619047,
      "episode_len_min": 353,
      "episode_len_max": 988,
      "episode_duration_sec": 57.493875050941455,
      "avg_q_value": -0.009087100972926242,
      "avg_loss": 0.11475597533156676,
      "avg_grad_norm": 1.3685552794851215,
      "team_performance_gap": 3.4805194805194803,
      "agent_reward_std": 0.8701298701298701,
      "samples_per_second": 0.0,
      "episodes_per_hour": -739.7754236072643
    },
    {
      "iteration": 5,
      "timestamp": 1760585536.680104,
      "duration": 29.61761736869812,
      "episodes_this_iter": 3.0,
      "num_episodes": 24.0,
      "timesteps_total": 20000.0,
      "timesteps_this_iter": 0.0,
      "episode_reward_mean": 0.0,
      "episode_len_mean": 724.0652173913044,
      "agent_0_reward": -0.10869565217391304,
      "agent_1_reward": 0.10869565217391304,
      "agent_2_reward": -0.10869565217391304,
      "agent_3_reward": 0.10869565217391304,
      "team_1_reward": -0.21739130434782608,
      "team_2_reward": 0.21739130434782608,
      "reward_sum": 0.0,
      "team_1_win_rate": 0.0,
      "team_2_win_rate": 0.20833333333333334,
      "episode_len_min": 353,
      "episode_len_max": 1196,
      "episode_duration_sec": 63.430861777949914,
      "avg_q_value": -0.00895259429682659,
      "avg_loss": 0.11762464434350035,
      "avg_grad_norm": 1.4075097856845633,
      "team_performance_gap": 0.43478260869565216,
      "agent_reward_std": 0.10869565217391304,
      "samples_per_second": 0.0,
      "episodes_per_hour": 364.647833266094
    },
    {
      "iteration": 6,
      "timestamp": 1760585567.6811223,
      "duration": 30.995875358581543,
      "episodes_this_iter": 4.0,
      "num_episodes": 28.0,
      "timesteps_total": 20000.0,
      "timesteps_this_iter": 0.0,
      "episode_reward_mean": 0.0,
      "episode_len_mean": 763.0918367346939,
      "agent_0_reward": 0.16326530612244897,
      "agent_1_reward": -0.16326530612244897,
      "agent_2_reward": 0.16326530612244897,
      "agent_3_reward": -0.16326530612244897,
      "team_1_reward": 0.32653061224489793,
      "team_2_reward": -0.32653061224489793,
      "reward_sum": 0.0,
      "team_1_win_rate": 0.03571428571428571,
      "team_2_win_rate": 0.17857142857142858,
      "episode_len_min": 388,
      "episode_len_max": 1380,
      "episode_duration_sec": 66.76352008542388,
      "avg_q_value": -0.00919566130312953,
      "avg_loss": 0.11726314169642882,
      "avg_grad_norm": 1.4104086565719958,
      "team_performance_gap": 0.6530612244897959,
      "agent_reward_std": 0.16326530612244897,
      "samples_per_second": 0.0,
      "episodes_per_hour": 464.5779424975396
    },
    {
      "iteration": 7,
      "timestamp": 1760585597.1128466,
      "duration": 28.957733631134033,
      "episodes_this_iter": 1.0,
      "num_episodes": 29.0,
      "timesteps_total": 20000.0,
      "timesteps_this_iter": 0.0,
      "episode_reward_mean": 0.0,
      "episode_len_mean": 784.99,
      "agent_0_reward": -0.18,
      "agent_1_reward": 0.18,
      "agent_2_reward": -0.18,
      "agent_3_reward": 0.18,
      "team_1_reward": -0.36,
      "team_2_reward": 0.36,
      "reward_sum": 0.0,
      "team_1_win_rate": 0.034482758620689655,
      "team_2_win_rate": 0.20689655172413793,
      "episode_len_min": 388,
      "episode_len_max": 1501,
      "episode_duration_sec": 68.56172607021406,
      "avg_q_value": -0.009427436421721646,
      "avg_loss": 0.11712121609278302,
      "avg_grad_norm": 1.4168208830226905,
      "team_performance_gap": 0.72,
      "agent_reward_std": 0.18,
      "samples_per_second": 0.0,
      "episodes_per_hour": 124.31912130476415
    },
    {
      "iteration": 8,
      "timestamp": 1760585626.985385,
      "duration": 29.86785125732422,
      "episodes_this_iter": -13.0,
      "num_episodes": 16.0,
      "timesteps_total": 20000.0,
      "timesteps_this_iter": 0.0,